time,channel1,channel2,channel3,channel4,channel5,channel6,channel7,channel8,channel9,channel10,channel11,channel12,channel13,channel14,channel15,channel16,channel17,channel18,channel19,channel20,channel21,channel22,channel23,channel24,channel25,channel26,channel27,channel28,channel29,channel30,channel31,channel32,channel33,channel34,channel35,channel36,channel37,channel38,channel39,channel40,channel41,channel42,channel43,channel44,channel45,channel46,channel47,channel48,channel49,channel50,channel51,channel52,channel53,channel54,channel55,channel56,channel57,channel58,channel59,channel60,channel61,channel62,channel63,channel64,channel65,channel66,channel67,channel68,channel69,channel70,channel71,channel72
0,0,0,1,0,0,1,1,0,0,0,0,1,1,1,0,0,0,1,0,1,1,0,1,0,0,1,1,1,1,0,1,0,1,1,1,0,1,1,0,1,1,1,0,1,0,1,0,0,1,1,0,1,1,1,0,0,1,0,0,1,1,1,1,0,0,0,0,1,1,0,1,0
0.1,1,1,0,1,1,0,0,1,1,1,1,0,0,0,1,1,1,0,1,0,0,1,0,1,1,0,0,0,0,1,0,1,0,0,0,1,0,0,1,0,0,0,1,0,1,0,1,1,0,0,1,0,0,0,1,1,0,1,1,0,0,0,0,1,1,1,1,0,0,1,0,1
0.2,0,0,1,0,0,1,1,0,0,0,0,1,1,1,0,0,0,1,0,1,1,0,1,0,0,1,1,1,1,0,1,0,1,1,1,0,1,1,0,1,1,1,0,1,0,1,0,0,1,1,0,1,1,1,0,0,1,0,0,1,1,1,1,0,0,0,0,1,1,0,1,0
0.3,1,1,0,1,1,0,0,1,1,1,1,0,0,0,1,1,1,0,1,0,0,1,0,1,1,0,0,0,0,1,0,1,0,0,0,1,0,0,1,0,0,0,1,0,1,0,1,1,0,0,1,0,0,0,1,1,0,1,1,0,0,0,0,1,1,1,1,0,0,1,0,1
0.4,0,0,1,0,0,1,1,0,0,0,0,1,1,1,0,0,0,1,0,1,1,0,1,0,0,1,1,1,1,0,1,0,1,1,1,0,1,1,0,1,1,1,0,1,0,1,0,0,1,1,0,1,1,1,0,0,1,0,0,1,1,1,1,0,0,0,0,1,1,0,1,0
0.5,1,1,0,1,1,0,0,1,1,1,1,0,0,0,1,1,1,0,1,0,0,1,0,1,1,0,0,0,0,1,0,1,0,0,0,1,0,0,1,0,0,0,1,0,1,0,1,1,0,0,1,0,0,0,1,1,0,1,1,0,0,0,0,1,1,1,1,0,0,1,0,1
0.6,0,0,1,0,0,1,1,0,0,0,0,1,1,1,0,0,0,1,0,1,1,0,1,0,0,1,1,1,1,0,1,0,1,1,1,0,1,1,0,1,1,1,0,1,0,1,0,0,1,1,0,1,1,1,0,0,1,0,0,1,1,1,1,0,0,0,0,1,1,0,1,0
0.7,1,1,0,1,1,0,0,1,1,1,1,0,0,0,1,1,1,0,1,0,0,1,0,1,1,0,0,0,0,1,0,1,0,0,0,1,0,0,1,0,0,0,1,0,1,0,1,1,0,0,1,0,0,0,1,1,0,1,1,0,0,0,0,1,1,1,1,0,0,1,0,1
0.8,0,0,1,0,0,1,1,0,0,0,0,1,1,1,0,0,0,1,0,1,1,0,1,0,0,1,1,1,1,0,1,0,1,1,1,0,1,1,0,1,1,1,0,1,0,1,0,0,1,1,0,1,1,1,0,0,1,0,0,1,1,1,1,0,0,0,0,1,1,0,1,0
0.9,1,1,0,1,1,0,0,1,1,1,1,0,0,0,1,1,1,0,1,0,0,1,0,1,1,0,0,0,0,1,0,1,0,0,0,1,0,0,1,0,0,0,1,0,1,0,1,1,0,0,1,0,0,0,1,1,0,1,1,0,0,0,0,1,1,1,1,0,0,1,0,1
1,0,0,1,0,0,1,1,0,0,0,0,1,1,1,0,0,0,1,0,1,1,0,1,0,0,1,1,1,1,0,1,0,1,1,1,0,1,1,0,1,1,1,0,1,0,1,0,0,1,1,0,1,1,1,0,0,1,0,0,1,1,1,1,0,0,0,0,1,1,0,1,0
1.1,1,1,0,1,1,0,0,1,1,1,1,0,0,0,1,1,1,0,1,0,0,1,0,1,1,0,0,0,0,1,0,1,0,0,0,1,0,0,1,0,0,0,1,0,1,0,1,1,0,0,1,0,0,0,1,1,0,1,1,0,0,0,0,1,1,1,1,0,0,1,0,1
1.2,0,0,1,0,0,1,1,0,0,0,0,1,1,1,0,0,0,1,0,1,1,0,1,0,0,1,1,1,1,0,1,0,1,1,1,0,1,1,0,1,1,1,0,1,0,1,0,0,1,1,0,1,1,1,0,0,1,0,0,1,1,1,1,0,0,0,0,1,1,0,1,0
1.3,1,1,0,1,1,0,0,1,1,1,1,0,0,0,1,1,1,0,1,0,0,1,0,1,1,0,0,0,0,1,0,1,0,0,0,1,0,0,1,0,0,0,1,0,1,0,1,1,0,0,1,0,0,0,1,1,0,1,1,0,0,0,0,1,1,1,1,0,0,1,0,1
1.4,0,0,1,0,0,1,1,0,0,0,0,1,1,1,0,0,0,1,0,1,1,0,1,0,0,1,1,1,1,0,1,0,1,1,1,0,1,1,0,1,1,1,0,1,0,1,0,0,1,1,0,1,1,1,0,0,1,0,0,1,1,1,1,0,0,0,0,1,1,0,1,0
1.5,1,1,0,1,1,0,0,1,1,1,1,0,0,0,1,1,1,0,1,0,0,1,0,1,1,0,0,0,0,1,0,1,0,0,0,1,0,0,1,0,0,0,1,0,1,0,1,1,0,0,1,0,0,0,1,1,0,1,1,0,0,0,0,1,1,1,1,0,0,1,0,1
1.6,0,0,1,0,0,1,1,0,0,0,0,1,1,1,0,0,0,1,0,1,1,0,1,0,0,1,1,1,1,0,1,0,1,1,1,0,1,1,0,1,1,1,0,1,0,1,0,0,1,1,0,1,1,1,0,0,1,0,0,1,1,1,1,0,0,0,0,1,1,0,1,0
1.7,1,1,0,1,1,0,0,1,1,1,1,0,0,0,1,1,1,0,1,0,0,1,0,1,1,0,0,0,0,1,0,1,0,0,0,1,0,0,1,0,0,0,1,0,1,0,1,1,0,0,1,0,0,0,1,1,0,1,1,0,0,0,0,1,1,1,1,0,0,1,0,1
1.8,0,0,1,0,0,1,1,0,0,0,0,1,1,1,0,0,0,1,0,1,1,0,1,0,0,1,1,1,1,0,1,0,1,1,1,0,1,1,0,1,1,1,0,1,0,1,0,0,1,1,0,1,1,1,0,0,1,0,0,1,1,1,1,0,0,0,0,1,1,0,1,0
1.9,1,1,0,1,1,0,0,1,1,1,1,0,0,0,1,1,1,0,1,0,0,1,0,1,1,0,0,0,0,1,0,1,0,0,0,1,0,0,1,0,0,0,1,0,1,0,1,1,0,0,1,0,0,0,1,1,0,1,1,0,0,0,0,1,1,1,1,0,0,1,0,1
2,0,0,1,0,0,1,1,0,0,0,0,1,1,1,0,0,0,1,0,1,1,0,1,0,0,1,1,1,1,0,1,0,1,1,1,0,1,1,0,1,1,1,0,1,0,1,0,0,1,1,0,1,1,1,0,0,1,0,0,1,1,1,1,0,0,0,0,1,1,0,1,0
2.1,1,1,0,1,1,0,0,1,1,1,1,0,0,0,1,1,1,0,1,0,0,1,0,1,1,0,0,0,0,1,0,1,0,0,0,1,0,0,1,0,0,0,1,0,1,0,1,1,0,0,1,0,0,0,1,1,0,1,1,0,0,0,0,1,1,1,1,0,0,1,0,1
2.2,0,0,1,0,0,1,1,0,0,0,0,1,1,1,0,0,0,1,0,1,1,0,1,0,0,1,1,1,1,0,1,0,1,1,1,0,1,1,0,1,1,1,0,1,0,1,0,0,1,1,0,1,1,1,0,0,1,0,0,1,1,1,1,0,0,0,0,1,1,0,1,0
2.3,1,1,0,1,1,0,0,1,1,1,1,0,0,0,1,1,1,0,1,0,0,1,0,1,1,0,0,0,0,1,0,1,0,0,0,1,0,0,1,0,0,0,1,0,1,0,1,1,0,0,1,0,0,0,1,1,0,1,1,0,0,0,0,1,1,1,1,0,0,1,0,1
2.4,0,0,1,0,0,1,1,0,0,0,0,1,1,1,0,0,0,1,0,1,1,0,1,0,0,1,1,1,1,0,1,0,1,1,1,0,1,1,0,1,1,1,0,1,0,1,0,0,1,1,0,1,1,1,0,0,1,0,0,1,1,1,1,0,0,0,0,1,1,0,1,0
2.5,1,1,0,1,1,0,0,1,1,1,1,0,0,0,1,1,1,0,1,0,0,1,0,1,1,0,0,0,0,1,0,1,0,0,0,1,0,0,1,0,0,0,1,0,1,0,1,1,0,0,1,0,0,0,1,1,0,1,1,0,0,0,0,1,1,1,1,0,0,1,0,1
2.6,0,0,1,0,0,1,1,0,0,0,0,1,1,1,0,0,0,1,0,1,1,0,1,0,0,1,1,1,1,0,1,0,1,1,1,0,1,1,0,1,1,1,0,1,0,1,0,0,1,1,0,1,1,1,0,0,1,0,0,1,1,1,1,0,0,0,0,1,1,0,1,0
2.7,1,1,0,1,1,0,0,1,1,1,1,0,0,0,1,1,1,0,1,0,0,1,0,1,1,0,0,0,0,1,0,1,0,0,0,1,0,0,1,0,0,0,1,0,1,0,1,1,0,0,1,0,0,0,1,1,0,1,1,0,0,0,0,1,1,1,1,0,0,1,0,1
2.8,0,0,1,0,0,1,1,0,0,0,0,1,1,1,0,0,0,1,0,1,1,0,1,0,0,1,1,1,1,0,1,0,1,1,1,0,1,1,0,1,1,1,0,1,0,1,0,0,1,1,0,1,1,1,0,0,1,0,0,1,1,1,1,0,0,0,0,1,1,0,1,0
2.9,1,1,0,1,1,0,0,1,1,1,1,0,0,0,1,1,1,0,1,0,0,1,0,1,1,0,0,0,0,1,0,1,0,0,0,1,0,0,1,0,0,0,1,0,1,0,1,1,0,0,1,0,0,0,1,1,0,1,1,0,0,0,0,1,1,1,1,0,0,1,0,1
3,0,0,1,0,0,1,1,0,0,0,0,1,1,1,0,0,0,1,0,1,1,0,1,0,0,1,1,1,1,0,1,0,1,1,1,0,1,1,0,1,1,1,0,1,0,1,0,0,1,1,0,1,1,1,0,0,1,0,0,1,1,1,1,0,0,0,0,1,1,0,1,0
3.1,1,1,0,1,1,0,0,1,1,1,1,0,0,0,1,1,1,0,1,0,0,1,0,1,1,0,0,0,0,1,0,1,0,0,0,1,0,0,1,0,0,0,1,0,1,0,1,1,0,0,1,0,0,0,1,1,0,1,1,0,0,0,0,1,1,1,1,0,0,1,0,1
3.2,0,0,1,0,0,1,1,0,0,0,0,1,1,1,0,0,0,1,0,1,1,0,1,0,0,1,1,1,1,0,1,0,1,1,1,0,1,1,0,1,1,1,0,1,0,1,0,0,1,1,0,1,1,1,0,0,1,0,0,1,1,1,1,0,0,0,0,1,1,0,1,0
3.3,1,1,0,1,1,0,0,1,1,1,1,0,0,0,1,1,1,0,1,0,0,1,0,1,1,0,0,0,0,1,0,1,0,0,0,1,0,0,1,0,0,0,1,0,1,0,1,1,0,0,1,0,0,0,1,1,0,1,1,0,0,0,0,1,1,1,1,0,0,1,0,1
3.4,0,0,1,0,0,1,1,0,0,0,0,1,1,1,0,0,0,1,0,1,1,0,1,0,0,1,1,1,1,0,1,0,1,1,1,0,1,1,0,1,1,1,0,1,0,1,0,0,1,1,0,1,1,1,0,0,1,0,0,1,1,1,1,0,0,0,0,1,1,0,1,0
3.5,1,1,0,1,1,0,0,1,1,1,1,0,0,0,1,1,1,0,1,0,0,1,0,1,1,0,0,0,0,1,0,1,0,0,0,1,0,0,1,0,0,0,1,0,1,0,1,1,0,0,1,0,0,0,1,1,0,1,1,0,0,0,0,1,1,1,1,0,0,1,0,1
3.6,0,0,1,0,0,1,1,0,0,0,0,1,1,1,0,0,0,1,0,1,1,0,1,0,0,1,1,1,1,0,1,0,1,1,1,0,1,1,0,1,1,1,0,1,0,1,0,0,1,1,0,1,1,1,0,0,1,0,0,1,1,1,1,0,0,0,0,1,1,0,1,0
3.7,1,1,0,1,1,0,0,1,1,1,1,0,0,0,1,1,1,0,1,0,0,1,0,1,1,0,0,0,0,1,0,1,0,0,0,1,0,0,1,0,0,0,1,0,1,0,1,1,0,0,1,0,0,0,1,1,0,1,1,0,0,0,0,1,1,1,1,0,0,1,0,1
3.8,0,0,1,0,0,1,1,0,0,0,0,1,1,1,0,0,0,1,0,1,1,0,1,0,0,1,1,1,1,0,1,0,1,1,1,0,1,1,0,1,1,1,0,1,0,1,0,0,1,1,0,1,1,1,0,0,1,0,0,1,1,1,1,0,0,0,0,1,1,0,1,0
3.9,1,1,0,1,1,0,0,1,1,1,1,0,0,0,1,1,1,0,1,0,0,1,0,1,1,0,0,0,0,1,0,1,0,0,0,1,0,0,1,0,0,0,1,0,1,0,1,1,0,0,1,0,0,0,1,1,0,1,1,0,0,0,0,1,1,1,1,0,0,1,0,1
4,0,0,1,0,0,1,1,0,0,0,0,1,1,1,0,0,0,1,0,1,1,0,1,0,0,1,1,1,1,0,1,0,1,1,1,0,1,1,0,1,1,1,0,1,0,1,0,0,1,1,0,1,1,1,0,0,1,0,0,1,1,1,1,0,0,0,0,1,1,0,1,0
4.1,1,1,0,1,1,0,0,1,1,1,1,0,0,0,1,1,1,0,1,0,0,1,0,1,1,0,0,0,0,1,0,1,0,0,0,1,0,0,1,0,0,0,1,0,1,0,1,1,0,0,1,0,0,0,1,1,0,1,1,0,0,0,0,1,1,1,1,0,0,1,0,1
4.2,0,0,1,0,0,1,1,0,0,0,0,1,1,1,0,0,0,1,0,1,1,0,1,0,0,1,1,1,1,0,1,0,1,1,1,0,1,1,0,1,1,1,0,1,0,1,0,0,1,1,0,1,1,1,0,0,1,0,0,1,1,1,1,0,0,0,0,1,1,0,1,0
4.3,1,1,0,1,1,0,0,1,1,1,1,0,0,0,1,1,1,0,1,0,0,1,0,1,1,0,0,0,0,1,0,1,0,0,0,1,0,0,1,0,0,0,1,0,1,0,1,1,0,0,1,0,0,0,1,1,0,1,1,0,0,0,0,1,1,1,1,0,0,1,0,1
4.4,0,0,1,0,0,1,1,0,0,0,0,1,1,1,0,0,0,1,0,1,1,0,1,0,0,1,1,1,1,0,1,0,1,1,1,0,1,1,0,1,1,1,0,1,0,1,0,0,1,1,0,1,1,1,0,0,1,0,0,1,1,1,1,0,0,0,0,1,1,0,1,0
4.5,1,1,0,1,1,0,0,1,1,1,1,0,0,0,1,1,1,0,1,0,0,1,0,1,1,0,0,0,0,1,0,1,0,0,0,1,0,0,1,0,0,0,1,0,1,0,1,1,0,0,1,0,0,0,1,1,0,1,1,0,0,0,0,1,1,1,1,0,0,1,0,1
4.6,0,0,1,0,0,1,1,0,0,0,0,1,1,1,0,0,0,1,0,1,1,0,1,0,0,1,1,1,1,0,1,0,1,1,1,0,1,1,0,1,1,1,0,1,0,1,0,0,1,1,0,1,1,1,0,0,1,0,0,1,1,1,1,0,0,0,0,1,1,0,1,0
4.7,1,1,0,1,1,0,0,1,1,1,1,0,0,0,1,1,1,0,1,0,0,1,0,1,1,0,0,0,0,1,0,1,0,0,0,1,0,0,1,0,0,0,1,0,1,0,1,1,0,0,1,0,0,0,1,1,0,1,1,0,0,0,0,1,1,1,1,0,0,1,0,1
4.8,0,0,1,0,0,1,1,0,0,0,0,1,1,1,0,0,0,1,0,1,1,0,1,0,0,1,1,1,1,0,1,0,1,1,1,0,1,1,0,1,1,1,0,1,0,1,0,0,1,1,0,1,1,1,0,0,1,0,0,1,1,1,1,0,0,0,0,1,1,0,1,0
4.9,1,1,0,1,1,0,0,1,1,1,1,0,0,0,1,1,1,0,1,0,0,1,0,1,1,0,0,0,0,1,0,1,0,0,0,1,0,0,1,0,0,0,1,0,1,0,1,1,0,0,1,0,0,0,1,1,0,1,1,0,0,0,0,1,1,1,1,0,0,1,0,1
5,0,0,1,0,0,1,1,0,0,0,0,1,1,1,0,0,0,1,0,1,1,0,1,0,0,1,1,1,1,0,1,0,1,1,1,0,1,1,0,1,1,1,0,1,0,1,0,0,1,1,0,1,1,1,0,0,1,0,0,1,1,1,1,0,0,0,0,1,1,0,1,0
5.1,1,1,0,1,1,0,0,1,1,1,1,0,0,0,1,1,1,0,1,0,0,1,0,1,1,0,0,0,0,1,0,1,0,0,0,1,0,0,1,0,0,0,1,0,1,0,1,1,0,0,1,0,0,0,1,1,0,1,1,0,0,0,0,1,1,1,1,0,0,1,0,1
5.2,0,0,1,0,0,1,1,0,0,0,0,1,1,1,0,0,0,1,0,1,1,0,1,0,0,1,1,1,1,0,1,0,1,1,1,0,1,1,0,1,1,1,0,1,0,1,0,0,1,1,0,1,1,1,0,0,1,0,0,1,1,1,1,0,0,0,0,1,1,0,1,0
5.3,1,1,0,1,1,0,0,1,1,1,1,0,0,0,1,1,1,0,1,0,0,1,0,1,1,0,0,0,0,1,0,1,0,0,0,1,0,0,1,0,0,0,1,0,1,0,1,1,0,0,1,0,0,0,1,1,0,1,1,0,0,0,0,1,1,1,1,0,0,1,0,1
5.4,0,0,1,0,0,1,1,0,0,0,0,1,1,1,0,0,0,1,0,1,1,0,1,0,0,1,1,1,1,0,1,0,1,1,1,0,1,1,0,1,1,1,0,1,0,1,0,0,1,1,0,1,1,1,0,0,1,0,0,1,1,1,1,0,0,0,0,1,1,0,1,0
5.5,1,1,0,1,1,0,0,1,1,1,1,0,0,0,1,1,1,0,1,0,0,1,0,1,1,0,0,0,0,1,0,1,0,0,0,1,0,0,1,0,0,0,1,0,1,0,1,1,0,0,1,0,0,0,1,1,0,1,1,0,0,0,0,1,1,1,1,0,0,1,0,1
5.6,0,0,1,0,0,1,1,0,0,0,0,1,1,1,0,0,0,1,0,1,1,0,1,0,0,1,1,1,1,0,1,0,1,1,1,0,1,1,0,1,1,1,0,1,0,1,0,0,1,1,0,1,1,1,0,0,1,0,0,1,1,1,1,0,0,0,0,1,1,0,1,0
5.7,1,1,0,1,1,0,0,1,1,1,1,0,0,0,1,1,1,0,1,0,0,1,0,1,1,0,0,0,0,1,0,1,0,0,0,1,0,0,1,0,0,0,1,0,1,0,1,1,0,0,1,0,0,0,1,1,0,1,1,0,0,0,0,1,1,1,1,0,0,1,0,1
5.8,0,0,1,0,0,1,1,0,0,0,0,1,1,1,0,0,0,1,0,1,1,0,1,0,0,1,1,1,1,0,1,0,1,1,1,0,1,1,0,1,1,1,0,1,0,1,0,0,1,1,0,1,1,1,0,0,1,0,0,1,1,1,1,0,0,0,0,1,1,0,1,0
5.9,1,1,0,1,1,0,0,1,1,1,1,0,0,0,1,1,1,0,1,0,0,1,0,1,1,0,0,0,0,1,0,1,0,0,0,1,0,0,1,0,0,0,1,0,1,0,1,1,0,0,1,0,0,0,1,1,0,1,1,0,0,0,0,1,1,1,1,0,0,1,0,1
6,0,0,1,0,0,1,1,0,0,0,0,1,1,1,0,0,0,1,0,1,1,0,1,0,0,1,1,1,1,0,1,0,1,1,1,0,1,1,0,1,1,1,0,1,0,1,0,0,1,1,0,1,1,1,0,0,1,0,0,1,1,1,1,0,0,0,0,1,1,0,1,0
6.1,1,1,0,1,1,0,0,1,1,1,1,0,0,0,1,1,1,0,1,0,0,1,0,1,1,0,0,0,0,1,0,1,0,0,0,1,0,0,1,0,0,0,1,0,1,0,1,1,0,0,1,0,0,0,1,1,0,1,1,0,0,0,0,1,1,1,1,0,0,1,0,1
6.2,0,0,1,0,0,1,1,0,0,0,0,1,1,1,0,0,0,1,0,1,1,0,1,0,0,1,1,1,1,0,1,0,1,1,1,0,1,1,0,1,1,1,0,1,0,1,0,0,1,1,0,1,1,1,0,0,1,0,0,1,1,1,1,0,0,0,0,1,1,0,1,0
6.3,1,1,0,1,1,0,0,1,1,1,1,0,0,0,1,1,1,0,1,0,0,1,0,1,1,0,0,0,0,1,0,1,0,0,0,1,0,0,1,0,0,0,1,0,1,0,1,1,0,0,1,0,0,0,1,1,0,1,1,0,0,0,0,1,1,1,1,0,0,1,0,1
6.4,0,0,1,0,0,1,1,0,0,0,0,1,1,1,0,0,0,1,0,1,1,0,1,0,0,1,1,1,1,0,1,0,1,1,1,0,1,1,0,1,1,1,0,1,0,1,0,0,1,1,0,1,1,1,0,0,1,0,0,1,1,1,1,0,0,0,0,1,1,0,1,0
6.5,1,1,0,1,1,0,0,1,1,1,1,0,0,0,1,1,1,0,1,0,0,1,0,1,1,0,0,0,0,1,0,1,0,0,0,1,0,0,1,0,0,0,1,0,1,0,1,1,0,0,1,0,0,0,1,1,0,1,1,0,0,0,0,1,1,1,1,0,0,1,0,1
6.6,0,0,1,0,0,1,1,0,0,0,0,1,1,1,0,0,0,1,0,1,1,0,1,0,0,1,1,1,1,0,1,0,1,1,1,0,1,1,0,1,1,1,0,1,0,1,0,0,1,1,0,1,1,1,0,0,1,0,0,1,1,1,1,0,0,0,0,1,1,0,1,0
6.7,1,1,0,1,1,0,0,1,1,1,1,0,0,0,1,1,1,0,1,0,0,1,0,1,1,0,0,0,0,1,0,1,0,0,0,1,0,0,1,0,0,0,1,0,1,0,1,1,0,0,1,0,0,0,1,1,0,1,1,0,0,0,0,1,1,1,1,0,0,1,0,1
6.8,0,0,1,0,0,1,1,0,0,0,0,1,1,1,0,0,0,1,0,1,1,0,1,0,0,1,1,1,1,0,1,0,1,1,1,0,1,1,0,1,1,1,0,1,0,1,0,0,1,1,0,1,1,1,0,0,1,0,0,1,1,1,1,0,0,0,0,1,1,0,1,0
6.9,1,1,0,1,1,0,0,1,1,1,1,0,0,0,1,1,1,0,1,0,0,1,0,1,1,0,0,0,0,1,0,1,0,0,0,1,0,0,1,0,0,0,1,0,1,0,1,1,0,0,1,0,0,0,1,1,0,1,1,0,0,0,0,1,1,1,1,0,0,1,0,1
7,0,0,1,0,0,1,1,0,0,0,0,1,1,1,0,0,0,1,0,1,1,0,1,0,0,1,1,1,1,0,1,0,1,1,1,0,1,1,0,1,1,1,0,1,0,1,0,0,1,1,0,1,1,1,0,0,1,0,0,1,1,1,1,0,0,0,0,1,1,0,1,0
7.1,1,1,0,1,1,0,0,1,1,1,1,0,0,0,1,1,1,0,1,0,0,1,0,1,1,0,0,0,0,1,0,1,0,0,0,1,0,0,1,0,0,0,1,0,1,0,1,1,0,0,1,0,0,0,1,1,0,1,1,0,0,0,0,1,1,1,1,0,0,1,0,1
7.2,0,0,1,0,0,1,1,0,0,0,0,1,1,1,0,0,0,1,0,1,1,0,1,0,0,1,1,1,1,0,1,0,1,1,1,0,1,1,0,1,1,1,0,1,0,1,0,0,1,1,0,1,1,1,0,0,1,0,0,1,1,1,1,0,0,0,0,1,1,0,1,0
7.3,1,1,0,1,1,0,0,1,1,1,1,0,0,0,1,1,1,0,1,0,0,1,0,1,1,0,0,0,0,1,0,1,0,0,0,1,0,0,1,0,0,0,1,0,1,0,1,1,0,0,1,0,0,0,1,1,0,1,1,0,0,0,0,1,1,1,1,0,0,1,0,1
7.4,0,0,1,0,0,1,1,0,0,0,0,1,1,1,0,0,0,1,0,1,1,0,1,0,0,1,1,1,1,0,1,0,1,1,1,0,1,1,0,1,1,1,0,1,0,1,0,0,1,1,0,1,1,1,0,0,1,0,0,1,1,1,1,0,0,0,0,1,1,0,1,0
7.5,1,1,0,1,1,0,0,1,1,1,1,0,0,0,1,1,1,0,1,0,0,1,0,1,1,0,0,0,0,1,0,1,0,0,0,1,0,0,1,0,0,0,1,0,1,0,1,1,0,0,1,0,0,0,1,1,0,1,1,0,0,0,0,1,1,1,1,0,0,1,0,1
7.6,0,0,1,0,0,1,1,0,0,0,0,1,1,1,0,0,0,1,0,1,1,0,1,0,0,1,1,1,1,0,1,0,1,1,1,0,1,1,0,1,1,1,0,1,0,1,0,0,1,1,0,1,1,1,0,0,1,0,0,1,1,1,1,0,0,0,0,1,1,0,1,0
7.7,1,1,0,1,1,0,0,1,1,1,1,0,0,0,1,1,1,0,1,0,0,1,0,1,1,0,0,0,0,1,0,1,0,0,0,1,0,0,1,0,0,0,1,0,1,0,1,1,0,0,1,0,0,0,1,1,0,1,1,0,0,0,0,1,1,1,1,0,0,1,0,1
7.8,0,0,1,0,0,1,1,0,0,0,0,1,1,1,0,0,0,1,0,1,1,0,1,0,0,1,1,1,1,0,1,0,1,1,1,0,1,1,0,1,1,1,0,1,0,1,0,0,1,1,0,1,1,1,0,0,1,0,0,1,1,1,1,0,0,0,0,1,1,0,1,0
7.9,1,1,0,1,1,0,0,1,1,1,1,0,0,0,1,1,1,0,1,0,0,1,0,1,1,0,0,0,0,1,0,1,0,0,0,1,0,0,1,0,0,0,1,0,1,0,1,1,0,0,1,0,0,0,1,1,0,1,1,0,0,0,0,1,1,1,1,0,0,1,0,1
8,0,0,1,0,0,1,1,0,0,0,0,1,1,1,0,0,0,1,0,1,1,0,1,0,0,1,1,1,1,0,1,0,1,1,1,0,1,1,0,1,1,1,0,1,0,1,0,0,1,1,0,1,1,1,0,0,1,0,0,1,1,1,1,0,0,0,0,1,1,0,1,0
8.1,1,1,0,1,1,0,0,1,1,1,1,0,0,0,1,1,1,0,1,0,0,1,0,1,1,0,0,0,0,1,0,1,0,0,0,1,0,0,1,0,0,0,1,0,1,0,1,1,0,0,1,0,0,0,1,1,0,1,1,0,0,0,0,1,1,1,1,0,0,1,0,1
8.2,0,0,1,0,0,1,1,0,0,0,0,1,1,1,0,0,0,1,0,1,1,0,1,0,0,1,1,1,1,0,1,0,1,1,1,0,1,1,0,1,1,1,0,1,0,1,0,0,1,1,0,1,1,1,0,0,1,0,0,1,1,1,1,0,0,0,0,1,1,0,1,0
8.3,1,1,0,1,1,0,0,1,1,1,1,0,0,0,1,1,1,0,1,0,0,1,0,1,1,0,0,0,0,1,0,1,0,0,0,1,0,0,1,0,0,0,1,0,1,0,1,1,0,0,1,0,0,0,1,1,0,1,1,0,0,0,0,1,1,1,1,0,0,1,0,1
8.4,0,0,1,0,0,1,1,0,0,0,0,1,1,1,0,0,0,1,0,1,1,0,1,0,0,1,1,1,1,0,1,0,1,1,1,0,1,1,0,1,1,1,0,1,0,1,0,0,1,1,0,1,1,1,0,0,1,0,0,1,1,1,1,0,0,0,0,1,1,0,1,0
8.5,1,1,0,1,1,0,0,1,1,1,1,0,0,0,1,1,1,0,1,0,0,1,0,1,1,0,0,0,0,1,0,1,0,0,0,1,0,0,1,0,0,0,1,0,1,0,1,1,0,0,1,0,0,0,1,1,0,1,1,0,0,0,0,1,1,1,1,0,0,1,0,1
8.6,0,0,1,0,0,1,1,0,0,0,0,1,1,1,0,0,0,1,0,1,1,0,1,0,0,1,1,1,1,0,1,0,1,1,1,0,1,1,0,1,1,1,0,1,0,1,0,0,1,1,0,1,1,1,0,0,1,0,0,1,1,1,1,0,0,0,0,1,1,0,1,0
8.7,1,1,0,1,1,0,0,1,1,1,1,0,0,0,1,1,1,0,1,0,0,1,0,1,1,0,0,0,0,1,0,1,0,0,0,1,0,0,1,0,0,0,1,0,1,0,1,1,0,0,1,0,0,0,1,1,0,1,1,0,0,0,0,1,1,1,1,0,0,1,0,1
8.8,0,0,1,0,0,1,1,0,0,0,0,1,1,1,0,0,0,1,0,1,1,0,1,0,0,1,1,1,1,0,1,0,1,1,1,0,1,1,0,1,1,1,0,1,0,1,0,0,1,1,0,1,1,1,0,0,1,0,0,1,1,1,1,0,0,0,0,1,1,0,1,0
8.9,1,1,0,1,1,0,0,1,1,1,1,0,0,0,1,1,1,0,1,0,0,1,0,1,1,0,0,0,0,1,0,1,0,0,0,1,0,0,1,0,0,0,1,0,1,0,1,1,0,0,1,0,0,0,1,1,0,1,1,0,0,0,0,1,1,1,1,0,0,1,0,1
9,0,0,1,0,0,1,1,0,0,0,0,1,1,1,0,0,0,1,0,1,1,0,1,0,0,1,1,1,1,0,1,0,1,1,1,0,1,1,0,1,1,1,0,1,0,1,0,0,1,1,0,1,1,1,0,0,1,0,0,1,1,1,1,0,0,0,0,1,1,0,1,0
9.1,1,1,0,1,1,0,0,1,1,1,1,0,0,0,1,1,1,0,1,0,0,1,0,1,1,0,0,0,0,1,0,1,0,0,0,1,0,0,1,0,0,0,1,0,1,0,1,1,0,0,1,0,0,0,1,1,0,1,1,0,0,0,0,1,1,1,1,0,0,1,0,1
9.2,0,0,1,0,0,1,1,0,0,0,0,1,1,1,0,0,0,1,0,1,1,0,1,0,0,1,1,1,1,0,1,0,1,1,1,0,1,1,0,1,1,1,0,1,0,1,0,0,1,1,0,1,1,1,0,0,1,0,0,1,1,1,1,0,0,0,0,1,1,0,1,0
9.3,1,1,0,1,1,0,0,1,1,1,1,0,0,0,1,1,1,0,1,0,0,1,0,1,1,0,0,0,0,1,0,1,0,0,0,1,0,0,1,0,0,0,1,0,1,0,1,1,0,0,1,0,0,0,1,1,0,1,1,0,0,0,0,1,1,1,1,0,0,1,0,1
9.4,0,0,1,0,0,1,1,0,0,0,0,1,1,1,0,0,0,1,0,1,1,0,1,0,0,1,1,1,1,0,1,0,1,1,1,0,1,1,0,1,1,1,0,1,0,1,0,0,1,1,0,1,1,1,0,0,1,0,0,1,1,1,1,0,0,0,0,1,1,0,1,0
9.5,1,1,0,1,1,0,0,1,1,1,1,0,0,0,1,1,1,0,1,0,0,1,0,1,1,0,0,0,0,1,0,1,0,0,0,1,0,0,1,0,0,0,1,0,1,0,1,1,0,0,1,0,0,0,1,1,0,1,1,0,0,0,0,1,1,1,1,0,0,1,0,1
9.6,0,0,1,0,0,1,1,0,0,0,0,1,1,1,0,0,0,1,0,1,1,0,1,0,0,1,1,1,1,0,1,0,1,1,1,0,1,1,0,1,1,1,0,1,0,1,0,0,1,1,0,1,1,1,0,0,1,0,0,1,1,1,1,0,0,0,0,1,1,0,1,0
9.7,1,1,0,1,1,0,0,1,1,1,1,0,0,0,1,1,1,0,1,0,0,1,0,1,1,0,0,0,0,1,0,1,0,0,0,1,0,0,1,0,0,0,1,0,1,0,1,1,0,0,1,0,0,0,1,1,0,1,1,0,0,0,0,1,1,1,1,0,0,1,0,1
9.8,0,0,1,0,0,1,1,0,0,0,0,1,1,1,0,0,0,1,0,1,1,0,1,0,0,1,1,1,1,0,1,0,1,1,1,0,1,1,0,1,1,1,0,1,0,1,0,0,1,1,0,1,1,1,0,0,1,0,0,1,1,1,1,0,0,0,0,1,1,0,1,0
9.9,1,1,0,1,1,0,0,1,1,1,1,0,0,0,1,1,1,0,1,0,0,1,0,1,1,0,0,0,0,1,0,1,0,0,0,1,0,0,1,0,0,0,1,0,1,0,1,1,0,0,1,0,0,0,1,1,0,1,1,0,0,0,0,1,1,1,1,0,0,1,0,1
